<?xml version="1.0"?>
<!--
/**
 * Ecomteck
 *
 * NOTICE OF LICENSE
 *
 * This source file is subject to the Ecomteck.com license that is
 * available through the world-wide-web at this URL:
 * https://ecomteck.com/LICENSE.txt
 *
 * DISCLAIMER
 *
 * Do not edit or add to this file if you wish to upgrade this extension to newer
 * version in the future.
 *
 * @category    Ecomteck
 * @package     Ecomteck_DeliveryDate
 * @copyright   Copyright (c) 2018 Ecomteck (https://ecomteck.com/)
 * @license     https://ecomteck.com/LICENSE.txt
 */
-->
<config xmlns:xsi="http://www.w3.org/2001/XMLSchema-instance" xsi:noNamespaceSchemaLocation="urn:magento:framework:Acl/etc/acl.xsd">
    <acl>
        <resources>
            <resource id="Magento_Backend::admin">
                <resource id="Magento_Backend::stores">
                    <resource id="Magento_Backend::stores_settings">
                        <resource id="Magento_Config::config">
                            <resource id="Ecomteck_DeliveryDate::deliverydate" title="Ecomteck Delivery Date" sortOrder="40"/>
                        </resource>
                    </resource>
                </resource>
            </resource>
        </resources>
    </acl>
</config>
