<?xml version="1.0"?>
<!--
/**
 * Venustheme
 * 
 * NOTICE OF LICENSE
 * 
 * This source file is subject to the venustheme.com license that is
 * available through the world-wide-web at this URL:
 * http://venustheme.com/license
 * 
 * DISCLAIMER
 * 
 * Do not edit or add to this file if you wish to upgrade this extension to newer
 * version in the future.
 * 
 * @category   Venustheme
 * @package    Ves_Setup
 * @copyright  Copyright (c) 2017 Landofcoder (http://www.venustheme.com/)
 * @license    http://www.venustheme.com/LICENSE-1.0.html
 */
-->
<config xmlns:xsi="http://www.w3.org/2001/XMLSchema-instance" xsi:noNamespaceSchemaLocation="urn:magento:framework:Acl/etc/acl.xsd">
    <acl>
        <resources>
            <resource id="Magento_Backend::admin">
                <resource id="Magento_Backend::ves_setup_elements" title="Ves Setup">
                    <resource id="Ves_Setup::import" title="Ves Setup - Import" sortOrder="10">
                    </resource>
                    <resource id="Ves_Setup::export" title="Ves Setup - Export" sortOrder="20">
                    </resource>
                </resource>
                <resource id="Magento_Backend::stores">
                    <resource id="Magento_Backend::stores_settings">
                        <resource id="Magento_Config::config">
                            <resource id="Ves_Setup::config" title="Ves Setup - Config Settings" />
                        </resource>
                    </resource>
                </resource>
            </resource>
        </resources>
    </acl>
</config>