<?xml version="1.0"?>
<config xmlns:xsi="http://www.w3.org/2001/XMLSchema-instance"
        xsi:noNamespaceSchemaLocation="urn:magento:module:Magento_Config:etc/system_file.xsd">
    <system>
        <section id="carriers" translate="label" type="text" sortOrder="400" showInDefault="1" showInWebsite="1"
                 showInStore="1">
            <group id="storepickup" translate="label" type="text" sortOrder="0" showInDefault="1" showInWebsite="1"
                   showInStore="1">
                <label>Store Pickup</label>
                <field id="active" translate="label" type="select" sortOrder="1" showInDefault="1" showInWebsite="1"
                       showInStore="0">
                    <label>Enabled</label>
                    <source_model>Magento\Config\Model\Config\Source\Yesno</source_model>
                </field>
                <field id="title" translate="label" type="text" sortOrder="2" showInDefault="1" showInWebsite="1"
                       showInStore="1">
                    <label>Title</label>
                </field>
                <field id="name" translate="label" type="text" sortOrder="3" showInDefault="1" showInWebsite="1"
                       showInStore="1">
                    <label>Method Name</label>
                </field>
                <field id="price" translate="label" type="text" sortOrder="5" showInDefault="1" showInWebsite="1"
                       showInStore="0">
                    <label>Price</label>
                    <validate>validate-number validate-zero-or-greater</validate>
                </field>
                <field id="sort_order" translate="label" type="text" sortOrder="100" showInDefault="1" showInWebsite="1"
                       showInStore="0">
                    <label>Sort Order</label>
                </field>
                <field id="showmethod" translate="label" type="select" sortOrder="92" showInDefault="1"
                       showInWebsite="1" showInStore="0">
                    <label>Show Method if Not Applicable</label>
                    <source_model>Magento\Config\Model\Config\Source\Yesno</source_model>
                </field>
            </group>
        </section>
    </system>
</config>