<?xml version="1.0"?>
<!--
/**
 * @package     Plumrocket_ShippingTracking
 * @copyright   Copyright (c) 2018 Plumrocket Inc. (https://www.plumrocket.com)
 * @license     https://www.plumrocket.com/license/  End-user License Agreement
 */
-->

<config xmlns:xsi="http://www.w3.org/2001/XMLSchema-instance" xsi:noNamespaceSchemaLocation="urn:magento:framework:Acl/etc/acl.xsd">
    <acl>
        <resources>
            <resource id="Magento_Backend::admin">
                <resource id="Plumrocket_Base::elements">
                    <resource id="Plumrocket_ShippingTracking::prshippingtracking" title="Order Status &amp; Shipping Tracking" sortOrder="8980849" />
                </resource>
                <resource id="Magento_Backend::stores">
                    <resource id="Magento_Backend::stores_settings">
                        <resource id="Magento_Config::config">
                            <resource id="Plumrocket_ShippingTracking::configuration" title="Order Status &amp; Shipping Tracking Section" />
                        </resource>
                    </resource>
                </resource>
            </resource>
        </resources>
    </acl>
</config>
