<?xml version="1.0"?>
<!--
/**
 * @package    Falkone_CashOnPickup
 * @author     Falk Ulbricht
 * @copyright  2019 Falkone
 * @license    https://www.gnu.org/licenses/gpl-3.0.de.html GNU General Public License 3
 * @since      1.0.0
 */
-->
<config xmlns:xsi="http://www.w3.org/2001/XMLSchema-instance" xsi:noNamespaceSchemaLocation="urn:magento:module:Magento_Config:etc/system_file.xsd">
    <system>
        <!-- System config setting for shipping carrier -->
        <section id="carriers" translate="label" type="text" sortOrder="320" showInDefault="1" showInWebsite="1" showInStore="1">
            <group id="cash_on_pickup" translate="label" type="text" sortOrder="900" showInDefault="1" showInWebsite="1" showInStore="1">
                <label>Cash On Pickup</label>
                <field id="active" translate="label" type="select" sortOrder="10" showInDefault="1" showInWebsite="1" showInStore="0" canRestore="1">
                    <label>Enabled</label>
                    <source_model>Magento\Config\Model\Config\Source\Yesno</source_model>
                </field>
                <field id="title" translate="label" type="text" sortOrder="20" showInDefault="1" showInWebsite="1" showInStore="0" canRestore="1">
                    <label>Cash On Pickup Title</label>
                </field>
                <field id="name" translate="label" type="text" sortOrder="30" showInDefault="1" showInWebsite="1" showInStore="0" canRestore="1">
                    <label>Method Name</label>
                </field>
                <field id="price" translate="label" type="text" sortOrder="40" showInDefault="1" showInWebsite="1" showInStore="0" canRestore="1">
                    <label>Price</label>
                    <validate>validate-number validate-zero-or-greater</validate>
                </field>
                <field id="handling_type" translate="label" type="select" sortOrder="50" showInDefault="1" showInWebsite="1" showInStore="0" canRestore="1">
                    <label>Calculate Handling Fee</label>
                    <source_model>Magento\Shipping\Model\Source\HandlingType</source_model>
                    <comment>Handling fee percent based on shipping price not on cart totals.</comment>
                </field>
                <field id="handling_fee" translate="label" type="text" sortOrder="60" showInDefault="1" showInWebsite="1" showInStore="0" canRestore="1">
                    <label>Handling Fee</label>
                    <validate>validate-number validate-zero-or-greater</validate>
                </field>
                <field id="sallowspecific" translate="label" type="select" sortOrder="70" showInDefault="1" showInWebsite="1" showInStore="0" canRestore="1">
                    <label>Ship to Applicable Countries</label>
                    <frontend_class>shipping-applicable-country</frontend_class>
                    <source_model>Magento\Shipping\Model\Config\Source\Allspecificcountries</source_model>
                </field>
                <field id="specificcountry" translate="label" type="multiselect" sortOrder="80" showInDefault="1" showInWebsite="1" showInStore="0">
                    <label>Ship to Specific Countries</label>
                    <source_model>Magento\Directory\Model\Config\Source\Country</source_model>
                    <can_be_empty>1</can_be_empty>
                </field>
                <field id="showmethod" translate="label" type="select" sortOrder="90" showInDefault="1" showInWebsite="1" showInStore="0">
                    <label>Show Method if Not Applicable</label>
                    <source_model>Magento\Config\Model\Config\Source\Yesno</source_model>
                    <frontend_class>shipping-skip-hide</frontend_class>
                </field>
                <field id="specificerrmsg" translate="label" type="textarea" sortOrder="100" showInDefault="1" showInWebsite="1" showInStore="1" canRestore="1">
                    <label>Displayed Error Message</label>
                </field>
                <field id="sort_order" translate="label" type="text" sortOrder="110" showInDefault="1" showInWebsite="1" showInStore="0">
                    <label>Sort Order</label>
                </field>
            </group>
        </section>
        <!-- System config setting for payment method -->
        <section id="payment" type="text" sortOrder="400" showInDefault="1" showInWebsite="1" showInStore="1">
            <group id="cash_on_pickup" translate="label" type="text" sortOrder="100" showInDefault="1" showInWebsite="1" showInStore="1">
                <label>Cash On Pickup Payment</label>
                <field id="active" translate="label" type="select" sortOrder="1" showInDefault="1" showInWebsite="1" showInStore="0" canRestore="1">
                    <label>Enabled</label>
                    <source_model>Magento\Config\Model\Config\Source\Yesno</source_model>
                </field>
                <field id="title" translate="label" type="text" sortOrder="10" showInDefault="1" showInWebsite="1" showInStore="1" canRestore="1">
                    <label>Title</label>
                </field>
                <field id="order_status" translate="label" type="select" sortOrder="20" showInDefault="1" showInWebsite="1" showInStore="0" canRestore="1">
                    <label>New Order Status</label>
                    <source_model>Magento\Sales\Model\Config\Source\Order\Status\NewStatus</source_model>
                </field>
                <field id="allowspecific" translate="label" type="allowspecific" sortOrder="50" showInDefault="1" showInWebsite="1" showInStore="0" canRestore="1">
                    <label>Payment from Applicable Countries</label>
                    <source_model>Magento\Payment\Model\Config\Source\Allspecificcountries</source_model>
                </field>
                <field id="specificcountry" translate="label" type="multiselect" sortOrder="51" showInDefault="1" showInWebsite="1" showInStore="0">
                    <label>Payment from Specific Countries</label>
                    <source_model>Magento\Directory\Model\Config\Source\Country</source_model>
                    <can_be_empty>1</can_be_empty>
                </field>
                <field id="instructions" translate="label" type="textarea" sortOrder="62" showInDefault="1" showInWebsite="1" showInStore="1">
                    <label>Instructions</label>
                </field>
                <field id="min_order_total" translate="label" type="text" sortOrder="98" showInDefault="1" showInWebsite="1" showInStore="0">
                    <label>Minimum Order Total</label>
                </field>
                <field id="max_order_total" translate="label" type="text" sortOrder="99" showInDefault="1" showInWebsite="1" showInStore="0">
                    <label>Maximum Order Total</label>
                </field>
                <field id="sort_order" translate="label" type="text" sortOrder="100" showInDefault="1" showInWebsite="1" showInStore="0">
                    <label>Sort Order</label>
                </field>
            </group>
        </section>
    </system>
</config>
