<?xml version="1.0"?>
<config xmlns:xsi="http://www.w3.org/2001/XMLSchema-instance" xsi:noNamespaceSchemaLocation="urn:magento:framework:ObjectManager/etc/config.xsd">
    <type name="Magento\Checkout\Model\ShippingInformationManagement">
        <plugin name="ecomteck_save_delivery_date_in_quote" type="Ecomteck\DeliveryDate\Plugin\Checkout\Model\ShippingInformationManagement" sortOrder="1"/>
    </type>
    <virtualType name="Magento\Sales\Model\ResourceModel\Order\Grid" type="Magento\Sales\Model\ResourceModel\Grid">
        <arguments>
            <argument name="columns" xsi:type="array">
                <item name="delivery_date" xsi:type="string">sales_order.delivery_date</item>
            </argument>
        </arguments>
    </virtualType>
</config>