<?xml version="1.0"?>
<!--
/**
 * @package    Falkone_CashOnPickup
 * @author     Falk Ulbricht
 * @copyright  2019 Falkone
 * @license    https://www.gnu.org/licenses/gpl-3.0.de.html GNU General Public License 3
 * @since      1.0.0
 */
-->
<config xmlns:xsi="http://www.w3.org/2001/XMLSchema-instance" xsi:noNamespaceSchemaLocation="urn:magento:framework:ObjectManager/etc/config.xsd">
    <type name="Magento\Checkout\Model\CompositeConfigProvider">
        <arguments>
            <argument name="configProviders" xsi:type="array">
                <item name="falkone_cashonpickup_config_provider" xsi:type="object">Falkone\CashOnPickup\Model\Payment\CashOnPickupConfigProvider</item>
            </argument>
        </arguments>
    </type>
</config>
