<?xml version="1.0"?>
<!--
/**
 * DISCLAIMER
 *
 * Do not edit or add to this file if you wish to upgrade this module to newer
 * versions in the future.
 *
 * @category  Smile
 * @package   Smile\StoreDelivery
 * @author    Romain Ruaud <romain.ruaud@smile.fr>
 * @copyright 2017 Smile
 * @license   Open Software License ("OSL") v. 3.0
 */
-->
<config xmlns:xsi="http://www.w3.org/2001/XMLSchema-instance"
        xsi:noNamespaceSchemaLocation="urn:magento:framework:ObjectManager/etc/config.xsd">

    <type name="Magento\Checkout\Block\Onepage">
        <arguments>
            <argument name="layoutProcessors" xsi:type="array">
                <item name="storeDeliveryProcessor" xsi:type="object">Smile\StoreDelivery\Block\Checkout\LayoutProcessor</item>
            </argument>
        </arguments>
    </type>

</config>
