<?xml version="1.0"?>
<!--
/**
 * @package    Falkone_CashOnPickup
 * @author     Falk Ulbricht
 * @copyright  2019 Falkone
 * @license    https://www.gnu.org/licenses/gpl-3.0.de.html GNU General Public License 3
 * @since      1.0.0
 */
-->
<payment xmlns:xsi="http://www.w3.org/2001/XMLSchema-instance" xsi:noNamespaceSchemaLocation="urn:magento:module:Magento_Payment:etc/payment.xsd">
    <groups>
        <group id="offline">
            <label>Offline Payment Methods</label>
        </group>
    </groups>
    <methods>
        <method name="cash_on_pickup">
            <allow_multiple_address>1</allow_multiple_address>
        </method>
    </methods>
</payment>