<?xml version="1.0"?>
<!--
/**
 * Smile_StoreDelivery dependency injection configuration.
 *
 * DISCLAIMER
 *
 * Do not edit or add to this file if you wish to upgrade Smile Elastic Suite to newer
 * versions in the future.
 *
 * @category  Smile
 * @package   Smile\StoreDelivery
 * @author    Romain Ruaud <romain.ruaud@smile.fr>
 * @copyright 2017 Smile
 * @license   Open Software License ("OSL") v. 3.0
 */
 -->
<config xmlns:xsi="http://www.w3.org/2001/XMLSchema-instance" xsi:noNamespaceSchemaLocation="urn:magento:framework:ObjectManager/etc/config.xsd">

    <type name="Magento\Checkout\Api\ShippingInformationManagementInterface">
        <plugin name="store_delivery_save_address" type="Smile\StoreDelivery\Plugin\Checkout\Api\SaveAddressPlugin"/>
    </type>

    <type name="Magento\Quote\Api\ShipmentEstimationInterface">
        <plugin name="store_delivery_estimate_rates" type="Smile\StoreDelivery\Plugin\Quote\Api\ShipmentEstimationPlugin"/>
    </type>

    <type name="Magento\Quote\Api\ShippingMethodManagementInterface">
        <plugin name="store_delivery_estimate_rates_by_address" type="Smile\StoreDelivery\Plugin\Quote\Api\ShippingMethodManagementPlugin"/>
    </type>

    <type name="Magento\Quote\Model\Quote\Address\ToOrderAddress">
        <plugin name="gift_registry_quote_address_to_order_address" type="Smile\StoreDelivery\Plugin\Quote\Model\ConvertQuoteAddressToOrderAddress"/>
    </type>

    <!-- Fix issue with Temando module : https://github.com/magento/magento2/issues/12921 -->
    <type name="\Temando\Shipping\Observer\SaveCheckoutFieldsObserver">
        <plugin name="fix_temando_shipping_observer" type="Smile\StoreDelivery\Plugin\Temando\SaveCheckoutFieldsObserverPlugin"/>
    </type>
</config>
