<?xml version="1.0"?>
<!--
/**
 * DISCLAIMER
 *
 * Do not edit or add to this file if you wish to upgrade this module to newer
 * versions in the future.
 *
 * @category  Smile
 * @package   Smile\Seller
 * @author    Romain Ruaud <romain.ruaud@smile.fr>
 * @copyright 2016 Smile
 * @license   Open Software License ("OSL") v. 3.0
 */
-->
<config xmlns:xsi="http://www.w3.org/2001/XMLSchema-instance" xsi:noNamespaceSchemaLocation="urn:magento:framework:Event/etc/events.xsd">
    <event name="smile_seller_api_data_sellerinterface_save_before">
        <observer name="legacy_seller_save_before" instance="Magento\Framework\EntityManager\Observer\BeforeEntitySave" />
    </event>
    <event name="smile_seller_api_data_sellerinterface_save_after">
        <observer name="legacy_seller_save_after" instance="Magento\Framework\EntityManager\Observer\AfterEntitySave" />
    </event>
    <event name="smile_seller_api_data_sellerinterface_delete_before">
        <observer name="legacy_seller_delete_before" instance="Magento\Framework\EntityManager\Observer\BeforeEntityDelete" />
    </event>
    <event name="smile_seller_api_data_sellerinterface_delete_after">
        <observer name="legacy_seller_delete_after" instance="Magento\Framework\EntityManager\Observer\AfterEntityDelete" />
    </event>
    <event name="smile_seller_api_data_sellerinterface_load_after">
        <observer name="legacy_seller_load_after" instance="Magento\Framework\EntityManager\Observer\AfterEntityLoad" />
    </event>
</config>
