<?xml version="1.0"?>
<!--
/**
 * Smile_Retailer dependency injection configuration.
 *
 * DISCLAIMER
 *
 * Do not edit or add to this file if you wish to upgrade this module to newer
 * versions in the future.
 *
 * @category  Smile
 * @package   Smile\Retailer
 * @author    Romain Ruaud <romain.ruaud@smile.fr>
 * @copyright 2016 Smile
 * @license   Open Software License ("OSL") v. 3.0
 */
 -->

<config xmlns:xsi="http://www.w3.org/2001/XMLSchema-instance" xsi:noNamespaceSchemaLocation="urn:magento:framework:ObjectManager/etc/config.xsd">

    <preference for="Smile\Retailer\Api\Data\RetailerInterface" type="Smile\Retailer\Model\Retailer" />
    <preference for="Smile\Retailer\Api\RetailerRepositoryInterface" type="Smile\Retailer\Model\RetailerRepository" />
    <preference for="Smile\Retailer\Api\Data\RetailerSearchResultsInterface" type="Magento\Framework\Api\SearchResults" />


    <type name="Magento\Framework\EntityManager\MetadataPool">
        <arguments>
            <argument name="metadata" xsi:type="array">
                <item name="Smile\Retailer\Api\Data\RetailerInterface" xsi:type="array">
                    <item name="entityTableName" xsi:type="string">smile_seller_entity</item>
                    <item name="eavEntityType" xsi:type="string">smile_seller</item>
                    <item name="identifierField" xsi:type="string">entity_id</item>
                    <item name="entityContext" xsi:type="array">
                        <item name="store" xsi:type="string">Magento\Store\Model\StoreScopeProvider</item>
                    </item>
                </item>
            </argument>
        </arguments>
    </type>

    <virtualType name="Smile\Seller\EntityCreator\MetadataPool" type="Magento\Framework\EntityManager\MetadataPool">
        <arguments>
            <argument name="metadata" xsi:type="array">
                <item name="Smile\Retailer\Api\Data\RetailerInterface" xsi:type="array">
                    <item name="entityContext" xsi:type="array">
                        <item name="store" xsi:type="string">Magento\Store\Model\DefaultStoreScopeProvider</item>
                    </item>
                </item>
            </argument>
        </arguments>
    </virtualType>

    <type name="Magento\Framework\EntityManager\Operation\AttributePool">
        <arguments>
            <argument name="extensionActions" xsi:type="array">
                <item name="eav" xsi:type="array">
                    <item name="Smile\Retailer\Api\Data\RetailerInterface" xsi:type="array">
                        <item name="create" xsi:type="string">Smile\Seller\Model\ResourceModel\CreateHandler</item>
                        <item name="update" xsi:type="string">Smile\Seller\Model\ResourceModel\UpdateHandler</item>
                    </item>
                </item>
            </argument>
        </arguments>
    </type>

    <type name="Magento\Framework\EntityManager\HydratorPool">
        <arguments>
            <argument name="hydrators" xsi:type="array">
                <item name="Smile\Retailer\Api\Data\RetailerInterface" xsi:type="string">Magento\Framework\EntityManager\AbstractModelHydrator</item>
            </argument>
        </arguments>
    </type>

    <virtualType name="Smile\Retailer\Ui\Component\Retailer\Form\FieldMapper" type="Smile\Seller\Ui\Component\Seller\Form\FieldMapper">
        <arguments>
            <argument name="attributeSetId" xsi:type="string">retailer</argument>
        </arguments>
    </virtualType>
    
    <virtualType name="Smile\Retailer\Ui\Component\Retailer\Form\Modifier\Eav" type="Smile\Seller\Ui\Component\Seller\Form\Modifier\Eav">
        <arguments>
            <argument name="fieldMapper" xsi:type="object">Smile\Retailer\Ui\Component\Retailer\Form\FieldMapper</argument>
        </arguments>
    </virtualType>

    <type name="Smile\Retailer\Controller\Adminhtml\Retailer\Save">
        <arguments>
            <argument name="postDataHandlers" xsi:type="array">
                <item name="eavDataHandler" xsi:type="object">Smile\Retailer\Model\Retailer\EavPostDataHandler</item>
            </argument>
        </arguments>
    </type>

    <virtualType name="Smile\Retailer\Ui\Component\Retailer\Form\Modifier\Pool" type="Magento\Ui\DataProvider\Modifier\Pool">
        <arguments>
            <argument name="modifiers" xsi:type="array">
                <item name="eav" xsi:type="array">
                    <item name="class" xsi:type="string">Smile\Retailer\Ui\Component\Retailer\Form\Modifier\Eav</item>
                    <item name="sortOrder" xsi:type="number">10</item>
                </item>
            </argument>
        </arguments>
    </virtualType>

    <virtualType name="Smile\Retailer\Ui\Component\Retailer\Form\DataProvider" type="Smile\Seller\Ui\Component\Seller\Form\DataProvider">
        <arguments>
            <argument name="pool" xsi:type="object">Smile\Retailer\Ui\Component\Retailer\Form\Modifier\Pool</argument>
        </arguments>
    </virtualType>

    <virtualType name="Smile\Retailer\Model\Api\SearchCriteria\RetailerCollectionProcessor" type="Magento\Eav\Model\Api\SearchCriteria\CollectionProcessor">
        <arguments>
            <argument name="processors" xsi:type="array">
                <item name="filters" xsi:type="object">Magento\Eav\Model\Api\SearchCriteria\CollectionProcessor\FilterProcessor</item>
                <item name="sorting" xsi:type="object">Magento\Framework\Api\SearchCriteria\CollectionProcessor\SortingProcessor</item>
                <item name="pagination" xsi:type="object">Magento\Framework\Api\SearchCriteria\CollectionProcessor\PaginationProcessor</item>
            </argument>
        </arguments>
    </virtualType>
    <type name="Smile\Retailer\Model\RetailerRepository">
        <arguments>
            <argument name="collectionProcessor" xsi:type="object">Smile\Retailer\Model\Api\SearchCriteria\RetailerCollectionProcessor</argument>
        </arguments>
    </type>
</config>
