<?xml version="1.0"?>
<!--
/**
 * DISCLAIMER
 *
 * Do not edit or add to this file if you wish to upgrade this module to newer
 * versions in the future.
 *
 * @category  Smile
 * @package   Smile\Retailer
 * @author    Romain Ruaud <romain.ruaud@smile.fr>
 * @copyright 2017 Smile
 * @license   Open Software License ("OSL") v. 3.0
 */
-->
<config xmlns:xsi="http://www.w3.org/2001/XMLSchema-instance" xsi:noNamespaceSchemaLocation="urn:magento:framework:Event/etc/events.xsd">

    <!-- Legacy events. Fired to ensure afterSave() and beforeSave() methods are properly called on entities -->

    <event name="smile_retailer_api_data_retailerinterface_save_before">
        <observer name="legacy_retailer_save_before" instance="Magento\Framework\EntityManager\Observer\BeforeEntitySave" />
    </event>
    <event name="smile_retailer_api_data_retailerinterface_save_after">
        <observer name="legacy_retailer_save_after" instance="Magento\Framework\EntityManager\Observer\AfterEntitySave" />
    </event>
    <event name="smile_retailer_api_data_retailerinterface_delete_before">
        <observer name="legacy_retailer_delete_before" instance="Magento\Framework\EntityManager\Observer\BeforeEntityDelete" />
    </event>
    <event name="smile_retailer_api_data_retailerinterface_delete_after">
        <observer name="legacy_retailer_delete_after" instance="Magento\Framework\EntityManager\Observer\AfterEntityDelete" />
    </event>
    <event name="smile_retailer_api_data_retailerinterface_load_after">
        <observer name="legacy_retailer_load_after" instance="Magento\Framework\EntityManager\Observer\AfterEntityLoad" />
    </event>
</config>
