<?xml version="1.0"?>
<!--
/**
 * Store Locator Dependency Injection
 *
 * DISCLAIMER
 *
 * Do not edit or add to this file if you wish to upgrade this module to newer
 * versions in the future.
 *
 * @category  Smile
 * @package   Smile\StoreLocator
 * @author    Aurelien FOUCRET <aurelien.foucret@smile.fr>
 * @copyright 2016 Smile
 * @license   Apache License Version 2.0
 */
-->
<config xmlns:xsi="http://www.w3.org/2001/XMLSchema-instance" xsi:noNamespaceSchemaLocation="urn:magento:framework:ObjectManager/etc/config.xsd">
    <type name="Magento\Framework\App\RouterList">
        <arguments>
            <argument name="routerList" xsi:type="array">
                <item name="storelocator" xsi:type="array">
                    <item name="class" xsi:type="string">Smile\StoreLocator\Controller\Router</item>
                    <item name="disable" xsi:type="boolean">false</item>
                    <item name="sortOrder" xsi:type="string">50</item>
                </item>
            </argument>
        </arguments>
    </type>
    
    <type name="Magento\Customer\CustomerData\SectionPoolInterface">
        <arguments>
            <argument name="sectionSourceMap" xsi:type="array">
                <item name="current-store" xsi:type="string">Smile\StoreLocator\CustomerData\CurrentStore</item>
            </argument>
        </arguments>
    </type>
</config>