<?xml version="1.0"?>
<config xmlns:xsi="http://www.w3.org/2001/XMLSchema-instance" xsi:noNamespaceSchemaLocation="urn:magento:module:Magento_Config:etc/system_file.xsd">
    <system>
		<tab id="mobile_tabs" translate="label" sortOrder="10">
            <label>Mtwo Mobile</label>
        </tab>
        <section id="mobile_tabs" translate="label" sortOrder="130" showInDefault="1" showInWebsite="1" showInStore="1">
            <label>Home Configurations</label>
            <tab>mobile_tabs</tab>
            <resource>Mtwo_Mobile::configuration</resource>
			<group id="home_config" translate="label"  sortOrder="500" showInDefault="1" showInWebsite="1" showInStore="1">
                <label>Home Configurations</label>
                <field id="tabname1" translate="label" type="text" sortOrder="1" showInDefault="1" showInWebsite="1" showInStore="1">
                    <label>Block Name 1</label>
					<validate>required-entry</validate>
                </field>
				<field id="tablink1" translate="label" type="select" sortOrder="2" showInDefault="1" showInWebsite="1" showInStore="1">
                    <label>Category Link 1</label>
					<source_model>Mtwo\Mobile\Model\Config\Source\Category</source_model>
					<validate>required-entry</validate>
                </field>
				<field id="productslider1" translate="label" type="select" sortOrder="3" showInDefault="1" showInWebsite="1" showInStore="1">
                    <label>Choose Slider 1</label>
					<source_model>Mtwo\Mobile\Model\Config\Source\ProductSlider</source_model>
					<validate>required-entry</validate>
                </field>
				
				<field id="tabname2" translate="label" type="text" sortOrder="4" showInDefault="1" showInWebsite="1" showInStore="1">
                    <label>Block Name 2</label>
					<validate>required-entry</validate>
                </field>
				<field id="tablink2" translate="label" type="select" sortOrder="5" showInDefault="1" showInWebsite="1" showInStore="1">
                    <label>Category Link 2</label>
					<source_model>Mtwo\Mobile\Model\Config\Source\Category</source_model>
					<validate>required-entry</validate>
                </field>
				<field id="productslider2" translate="label" type="select" sortOrder="6" showInDefault="1" showInWebsite="1" showInStore="1">
                    <label>Choose Slider 2</label>
					<source_model>Mtwo\Mobile\Model\Config\Source\ProductSlider</source_model>
					<validate>required-entry</validate>
                </field>
				
				<field id="tabname3" translate="label" type="text" sortOrder="7" showInDefault="1" showInWebsite="1" showInStore="1">
                    <label>Block Name 3</label>
					<validate>required-entry</validate>
                </field>
				<field id="tablink3" translate="label" type="select" sortOrder="8" showInDefault="1" showInWebsite="1" showInStore="1">
                    <label>Category Link 3</label>
					<source_model>Mtwo\Mobile\Model\Config\Source\Category</source_model>
					<validate>required-entry</validate>
                </field>
				<field id="productslider3" translate="label" type="select" sortOrder="9" showInDefault="1" showInWebsite="1" showInStore="1">
                    <label>Choose Slider 3</label>
					<source_model>Mtwo\Mobile\Model\Config\Source\ProductSlider</source_model>
					<validate>required-entry</validate>
                </field>
				
				<field id="tabname4" translate="label" type="text" sortOrder="10" showInDefault="1" showInWebsite="1" showInStore="1">
                    <label>Block Name 4</label>
					<validate>required-entry</validate>
                </field>
				<field id="tablink4" translate="label" type="select" sortOrder="11" showInDefault="1" showInWebsite="1" showInStore="1">
                    <label>Category Link 4</label>
					<source_model>Mtwo\Mobile\Model\Config\Source\Category</source_model>
					<validate>required-entry</validate>
                </field>
				<field id="productslider4" translate="label" type="select" sortOrder="12" showInDefault="1" showInWebsite="1" showInStore="1">
                    <label>Choose Slider 4</label>
					<source_model>Mtwo\Mobile\Model\Config\Source\ProductSlider</source_model>
					<validate>required-entry</validate>
                </field>
				
				<field id="tabname5" translate="label" type="text" sortOrder="13" showInDefault="1" showInWebsite="1" showInStore="1">
                    <label>Block Name 5</label>
					<validate>required-entry</validate>
                </field>
				<field id="tablink5" translate="label" type="select" sortOrder="14" showInDefault="1" showInWebsite="1" showInStore="1">
                    <label>Category Link 5</label>
					<source_model>Mtwo\Mobile\Model\Config\Source\Category</source_model>
					<validate>required-entry</validate>
                </field>
				<field id="productslider5" translate="label" type="select" sortOrder="15" showInDefault="1" showInWebsite="1" showInStore="1">
                    <label>Choose Slider 5</label>
					<source_model>Mtwo\Mobile\Model\Config\Source\ProductSlider</source_model>
					<validate>required-entry</validate>
                </field>
				
				<field id="tabname6" translate="label" type="text" sortOrder="16" showInDefault="1" showInWebsite="1" showInStore="1">
                    <label>Block Name 6</label>
					<validate>required-entry</validate>
                </field>
				<field id="tablink6" translate="label" type="select" sortOrder="17" showInDefault="1" showInWebsite="1" showInStore="1">
                    <label>Category Link 6</label>
					<source_model>Mtwo\Mobile\Model\Config\Source\Category</source_model>
					<validate>required-entry</validate>
                </field>
				<field id="productslider6" translate="label" type="select" sortOrder="18" showInDefault="1" showInWebsite="1" showInStore="1">
                    <label>Choose Slider 6</label>
					<source_model>Mtwo\Mobile\Model\Config\Source\ProductSlider</source_model>
					<validate>required-entry</validate>
                </field>
				
				<field id="tabname7" translate="label" type="text" sortOrder="19" showInDefault="1" showInWebsite="1" showInStore="1">
                    <label>Block Name 7</label>
					<validate>required-entry</validate>
                </field>
				<field id="tablink7" translate="label" type="select" sortOrder="20" showInDefault="1" showInWebsite="1" showInStore="1">
                    <label>Category Link 7</label>
					<source_model>Mtwo\Mobile\Model\Config\Source\Category</source_model>
					<validate>required-entry</validate>
                </field>
				<field id="productslider7" translate="label" type="select" sortOrder="21" showInDefault="1" showInWebsite="1" showInStore="1">
                    <label>Choose Slider 7</label>
					<source_model>Mtwo\Mobile\Model\Config\Source\ProductSlider</source_model>
					<validate>required-entry</validate>
                </field>
				<!-- Start: Banner Settings -->
				 
				<field id="banner_slider1" translate="label" type="select" sortOrder="22" showInDefault="1" showInWebsite="1" showInStore="1">
                    <label>Choose Slider 1</label>
					<source_model>Mtwo\Mobile\Model\Config\Source\BrandSlider</source_model>
					<validate>required-entry</validate>
                </field>
				
				<field id="banner_slider2" translate="label" type="select" sortOrder="23" showInDefault="1" showInWebsite="1" showInStore="1">
                    <label>Choose Slider 2</label>
					<source_model>Mtwo\Mobile\Model\Config\Source\BrandSlider</source_model>
					<validate>required-entry</validate>
                </field>
				
				<field id="banner1" translate="label" type="select" sortOrder="24" showInDefault="1" showInWebsite="1" showInStore="1">
                    <label>Choose Banner 1</label>
					<source_model>Mtwo\Mobile\Model\Config\Source\BrandCollection</source_model>
					<validate>required-entry</validate>
                </field>
				<field id="banner2" translate="label" type="select" sortOrder="25" showInDefault="1" showInWebsite="1" showInStore="1">
                    <label>Choose Banner 2</label>
					<source_model>Mtwo\Mobile\Model\Config\Source\BrandCollection</source_model>
					<validate>required-entry</validate>
                </field>
				
				<!-- End: Banner Settings -->
            </group>
			<group id="store_config" translate="label"  sortOrder="500" showInDefault="1" showInWebsite="1" showInStore="1">
                <label>Store Configurations</label>
                <field id="google_apikey" translate="label" type="text" sortOrder="1" showInDefault="1" showInWebsite="1" showInStore="1">
                    <label>Google Places API Key</label>
                 </field>
				  <field id="admin_apikey" translate="label" type="text" sortOrder="1" showInDefault="1" showInWebsite="1" showInStore="1">
                    <label>Admin API Key</label>
                 </field>
             </group>
        </section>
    </system>
</config>
